name;givenname;surname;samaccountname;path;streetaddress;postalcode;city;TempPass
Adrian Zimmermann;Adrian;Zimmermann;adrian.zimmermann;OU=HB-Verwaltung,OU=Bremen,OU=Firma,DC=herdt,DC=ps;Buchenlandstraﬂe 19;28195;Bremen;Kennw0rt!-001
Alexander Ziegler;Alexander;Ziegler;alexander.ziegler;OU=HH-Verwaltung,OU=Hamburg,OU=Firma,DC=herdt,DC=ps;Kornstraﬂe 42;20095;Hamburg;Kennw0rt!-002
Alina Wolff;Alina;Wolff;alina.wolff;OU=HI-Verwaltung,OU=Hildesheim,OU=Firma,DC=herdt,DC=ps;An der Heerstraﬂe 71;31134;Hildesheim;Kennw0rt!-003
Amelie Wolf;Amelie;Wolf;amelie.wolf;OU=HB-Verwaltung,OU=Bremen,OU=Firma,DC=herdt,DC=ps;Buchenlandstraﬂe 19;28195;Bremen;Kennw0rt!-004
Amy Winter;Amy;Winter;amy.winter;OU=B-Verwaltung,OU=Berlin,OU=Firma,DC=herdt,DC=ps;Kalkrosenweg 23;10115;Berlin;Kennw0rt!-005
Anna Winkler;Anna;Winkler;anna.winkler;OU=HB-Verwaltung,OU=Bremen,OU=Firma,DC=herdt,DC=ps;Buchenlandstraﬂe 19;28195;Bremen;Kennw0rt!-006
Anton Werner;Anton;Werner;anton.werner;OU=HI-Verwaltung,OU=Hildesheim,OU=Firma,DC=herdt,DC=ps;An der Heerstraﬂe 71;31134;Hildesheim;Kennw0rt!-007
Ben Weiﬂ;Ben;Weiﬂ;ben.weiﬂ;OU=HI-Verwaltung,OU=Hildesheim,OU=Firma,DC=herdt,DC=ps;An der Heerstraﬂe 71;31134;Hildesheim;Kennw0rt!-008
Benjamin Weber;Benjamin;Weber;benjamin.weber;OU=H-Verwaltung,OU=Hannover,OU=Firma,DC=herdt,DC=ps;Tiefe Straﬂe 15;30159;Hannover;Kennw0rt!-009
Charlotte Walter;Charlotte;Walter;charlotte.walter;OU=HB-Verwaltung,OU=Bremen,OU=Firma,DC=herdt,DC=ps;Buchenlandstraﬂe 19;28195;Bremen;Kennw0rt!-010
Clara Wagner;Clara;Wagner;clara.wagner;OU=HI-Verwaltung,OU=Hildesheim,OU=Firma,DC=herdt,DC=ps;An der Heerstraﬂe 71;31134;Hildesheim;Kennw0rt!-011
David Voigt;David;Voigt;david.voigt;OU=HI-Verwaltung,OU=Hildesheim,OU=Firma,DC=herdt,DC=ps;An der Heerstraﬂe 71;31134;Hildesheim;Kennw0rt!-012
Elias Vogt;Elias;Vogt;elias.vogt;OU=H-Verwaltung,OU=Hannover,OU=Firma,DC=herdt,DC=ps;Tiefe Straﬂe 15;30159;Hannover;Kennw0rt!-013
Elisa Vogel;Elisa;Vogel;elisa.vogel;OU=HI-Verwaltung,OU=Hildesheim,OU=Firma,DC=herdt,DC=ps;An der Heerstraﬂe 71;31134;Hildesheim;Kennw0rt!-014
Ella Thomas;Ella;Thomas;ella.thomas;OU=HI-Verwaltung,OU=Hildesheim,OU=Firma,DC=herdt,DC=ps;An der Heerstraﬂe 71;31134;Hildesheim;Kennw0rt!-015
Emely Stein;Emely;Stein;emely.stein;OU=HB-Verwaltung,OU=Bremen,OU=Firma,DC=herdt,DC=ps;Buchenlandstraﬂe 19;28195;Bremen;Kennw0rt!-016
Emil Sommer;Emil;Sommer;emil.sommer;OU=HB-Verwaltung,OU=Bremen,OU=Firma,DC=herdt,DC=ps;Buchenlandstraﬂe 19;28195;Bremen;Kennw0rt!-017
Emilia Simon;Emilia;Simon;emilia.simon;OU=HB-Verwaltung,OU=Bremen,OU=Firma,DC=herdt,DC=ps;Buchenlandstraﬂe 19;28195;Bremen;Kennw0rt!-018
Emily Seidel;Emily;Seidel;emily.seidel;OU=HB2-Verwaltung,OU=Bremen-2,OU=Firma,DC=herdt,DC=ps;Evangelienberg 4;28196;Bremen;Kennw0rt!-019
Emma Schwarz;Emma;Schwarz;emma.schwarz;OU=HH-Verwaltung,OU=Hamburg,OU=Firma,DC=herdt,DC=ps;Kornstraﬂe 42;20095;Hamburg;Kennw0rt!-020
Erik Schuster;Erik;Schuster;erik.schuster;OU=B-Verwaltung,OU=Berlin,OU=Firma,DC=herdt,DC=ps;Kalkrosenweg 23;10115;Berlin;Kennw0rt!-021
Fabian Schumacher;Fabian;Schumacher;fabian.schumacher;OU=HH-Verwaltung,OU=Hamburg,OU=Firma,DC=herdt,DC=ps;Kornstraﬂe 42;20095;Hamburg;Kennw0rt!-022
Felix Schulze;Felix;Schulze;felix.schulze;OU=HH-Verwaltung,OU=Hamburg,OU=Firma,DC=herdt,DC=ps;Kornstraﬂe 42;20095;Hamburg;Kennw0rt!-023
Finja Schulz;Finja;Schulz;finja.schulz;OU=HI-Verwaltung,OU=Hildesheim,OU=Firma,DC=herdt,DC=ps;An der Heerstraﬂe 71;31134;Hildesheim;Kennw0rt!-024
Finn Schulte;Finn;Schulte;finn.schulte;OU=HB-Verwaltung,OU=Bremen,OU=Firma,DC=herdt,DC=ps;Buchenlandstraﬂe 19;28195;Bremen;Kennw0rt!-025
Florian Schubert;Florian;Schubert;florian.schubert;OU=HB2-Verwaltung,OU=Bremen-2,OU=Firma,DC=herdt,DC=ps;Evangelienberg 4;28196;Bremen;Kennw0rt!-026
Frieda Schrˆder;Frieda;Schrˆder;frieda.schrˆder;OU=HB2-Verwaltung,OU=Bremen-2,OU=Firma,DC=herdt,DC=ps;Evangelienberg 4;28196;Bremen;Kennw0rt!-027
Greta Schreiber;Greta;Schreiber;greta.schreiber;OU=HI-Verwaltung,OU=Hildesheim,OU=Firma,DC=herdt,DC=ps;An der Heerstraﬂe 71;31134;Hildesheim;Kennw0rt!-028
Hannah Scholz;Hannah;Scholz;hannah.scholz;OU=HB-Verwaltung,OU=Bremen,OU=Firma,DC=herdt,DC=ps;Buchenlandstraﬂe 19;28195;Bremen;Kennw0rt!-029
Hannes Schneider;Hannes;Schneider;hannes.schneider;OU=HB-Verwaltung,OU=Bremen,OU=Firma,DC=herdt,DC=ps;Buchenlandstraﬂe 19;28195;Bremen;Kennw0rt!-030
Henry Schmitz;Henry;Schmitz;henry.schmitz;OU=HH-Verwaltung,OU=Hamburg,OU=Firma,DC=herdt,DC=ps;Kornstraﬂe 42;20095;Hamburg;Kennw0rt!-031
Ida Schmitt;Ida;Schmitt;ida.schmitt;OU=HB2-Verwaltung,OU=Bremen-2,OU=Firma,DC=herdt,DC=ps;Evangelienberg 4;28196;Bremen;Kennw0rt!-032
Isabell Schmidt;Isabell;Schmidt;isabell.schmidt;OU=B-Verwaltung,OU=Berlin,OU=Firma,DC=herdt,DC=ps;Kalkrosenweg 23;10115;Berlin;Kennw0rt!-033
Isabella Schmid;Isabella;Schmid;isabella.schmid;OU=B-Verwaltung,OU=Berlin,OU=Firma,DC=herdt,DC=ps;Kalkrosenweg 23;10115;Berlin;Kennw0rt!-034
Jakob Sch‰fer;Jakob;Sch‰fer;jakob.sch‰fer;OU=HI-Verwaltung,OU=Hildesheim,OU=Firma,DC=herdt,DC=ps;An der Heerstraﬂe 71;31134;Hildesheim;Kennw0rt!-035
Jan Sauer;Jan;Sauer;jan.sauer;OU=HB2-Verwaltung,OU=Bremen-2,OU=Firma,DC=herdt,DC=ps;Evangelienberg 4;28196;Bremen;Kennw0rt!-036
Jana Roth;Jana;Roth;jana.roth;OU=H-Verwaltung,OU=Hannover,OU=Firma,DC=herdt,DC=ps;Tiefe Straﬂe 15;30159;Hannover;Kennw0rt!-037
Jannik Richter;Jannik;Richter;jannik.richter;OU=HI-Verwaltung,OU=Hildesheim,OU=Firma,DC=herdt,DC=ps;An der Heerstraﬂe 71;31134;Hildesheim;Kennw0rt!-038
Jasmin Pohl;Jasmin;Pohl;jasmin.pohl;OU=H-Verwaltung,OU=Hannover,OU=Firma,DC=herdt,DC=ps;Tiefe Straﬂe 15;30159;Hannover;Kennw0rt!-039
Johanna Pfeiffer;Johanna;Pfeiffer;johanna.pfeiffer;OU=H-Verwaltung,OU=Hannover,OU=Firma,DC=herdt,DC=ps;Tiefe Straﬂe 15;30159;Hannover;Kennw0rt!-040
Jonas Peters;Jonas;Peters;jonas.peters;OU=HI-Verwaltung,OU=Hildesheim,OU=Firma,DC=herdt,DC=ps;An der Heerstraﬂe 71;31134;Hildesheim;Kennw0rt!-041
Jonathan Otto;Jonathan;Otto;jonathan.otto;OU=B-Verwaltung,OU=Berlin,OU=Firma,DC=herdt,DC=ps;Kalkrosenweg 23;10115;Berlin;Kennw0rt!-042
Josephine Neumann;Josephine;Neumann;josephine.neumann;OU=HI-Verwaltung,OU=Hildesheim,OU=Firma,DC=herdt,DC=ps;An der Heerstraﬂe 71;31134;Hildesheim;Kennw0rt!-043
Julia M¸ller;Julia;M¸ller;julia.m¸ller;OU=HH-Verwaltung,OU=Hamburg,OU=Firma,DC=herdt,DC=ps;Kornstraﬂe 42;20095;Hamburg;Kennw0rt!-044
Julian Mˆller;Julian;Mˆller;julian.mˆller;OU=HI-Verwaltung,OU=Hildesheim,OU=Firma,DC=herdt,DC=ps;An der Heerstraﬂe 71;31134;Hildesheim;Kennw0rt!-045
Julius Meyer;Julius;Meyer;julius.meyer;OU=HI-Verwaltung,OU=Hildesheim,OU=Firma,DC=herdt,DC=ps;An der Heerstraﬂe 71;31134;Hildesheim;Kennw0rt!-046
Lara Meier;Lara;Meier;lara.meier;OU=HB2-Verwaltung,OU=Bremen-2,OU=Firma,DC=herdt,DC=ps;Evangelienberg 4;28196;Bremen;Kennw0rt!-047
Laura Mayer;Laura;Mayer;laura.mayer;OU=HB2-Verwaltung,OU=Bremen-2,OU=Firma,DC=herdt,DC=ps;Evangelienberg 4;28196;Bremen;Kennw0rt!-048
Lea Martin;Lea;Martin;lea.martin;OU=H-Verwaltung,OU=Hannover,OU=Firma,DC=herdt,DC=ps;Tiefe Straﬂe 15;30159;Hannover;Kennw0rt!-049
Lena Maier;Lena;Maier;lena.maier;OU=B-Verwaltung,OU=Berlin,OU=Firma,DC=herdt,DC=ps;Kalkrosenweg 23;10115;Berlin;Kennw0rt!-050
Leni Ludwig;Leni;Ludwig;leni.ludwig;OU=HB-Verwaltung,OU=Bremen,OU=Firma,DC=herdt,DC=ps;Buchenlandstraﬂe 19;28195;Bremen;Kennw0rt!-051
Lennart Lorenz;Lennart;Lorenz;lennart.lorenz;OU=HB-Verwaltung,OU=Bremen,OU=Firma,DC=herdt,DC=ps;Buchenlandstraﬂe 19;28195;Bremen;Kennw0rt!-052
Leo Lehmann;Leo;Lehmann;leo.lehmann;OU=H-Verwaltung,OU=Hannover,OU=Firma,DC=herdt,DC=ps;Tiefe Straﬂe 15;30159;Hannover;Kennw0rt!-053
Leon Lange;Leon;Lange;leon.lange;OU=H-Verwaltung,OU=Hannover,OU=Firma,DC=herdt,DC=ps;Tiefe Straﬂe 15;30159;Hannover;Kennw0rt!-054
Leonie Lang;Leonie;Lang;leonie.lang;OU=HB-Verwaltung,OU=Bremen,OU=Firma,DC=herdt,DC=ps;Buchenlandstraﬂe 19;28195;Bremen;Kennw0rt!-055
Lia K¸hn;Lia;K¸hn;lia.k¸hn;OU=HB-Verwaltung,OU=Bremen,OU=Firma,DC=herdt,DC=ps;Buchenlandstraﬂe 19;28195;Bremen;Kennw0rt!-056
Liam Kuhn;Liam;Kuhn;liam.kuhn;OU=HH-Verwaltung,OU=Hamburg,OU=Firma,DC=herdt,DC=ps;Kornstraﬂe 42;20095;Hamburg;Kennw0rt!-057
Lilly Kr¸ger;Lilly;Kr¸ger;lilly.kr¸ger;OU=HB2-Verwaltung,OU=Bremen-2,OU=Firma,DC=herdt,DC=ps;Evangelienberg 4;28196;Bremen;Kennw0rt!-058
Lina Krause;Lina;Krause;lina.krause;OU=HI-Verwaltung,OU=Hildesheim,OU=Firma,DC=herdt,DC=ps;An der Heerstraﬂe 71;31134;Hildesheim;Kennw0rt!-059
Linus Kraus;Linus;Kraus;linus.kraus;OU=H-Verwaltung,OU=Hannover,OU=Firma,DC=herdt,DC=ps;Tiefe Straﬂe 15;30159;Hannover;Kennw0rt!-060
Lisa Kr‰mer;Lisa;Kr‰mer;lisa.kr‰mer;OU=B-Verwaltung,OU=Berlin,OU=Firma,DC=herdt,DC=ps;Kalkrosenweg 23;10115;Berlin;Kennw0rt!-061
Lotta Kˆnig;Lotta;Kˆnig;lotta.kˆnig;OU=HB-Verwaltung,OU=Bremen,OU=Firma,DC=herdt,DC=ps;Buchenlandstraﬂe 19;28195;Bremen;Kennw0rt!-062
Luca Kˆhler;Luca;Kˆhler;luca.kˆhler;OU=HI-Verwaltung,OU=Hildesheim,OU=Firma,DC=herdt,DC=ps;An der Heerstraﬂe 71;31134;Hildesheim;Kennw0rt!-063
Luis Koch;Luis;Koch;luis.koch;OU=H-Verwaltung,OU=Hannover,OU=Firma,DC=herdt,DC=ps;Tiefe Straﬂe 15;30159;Hannover;Kennw0rt!-064
Luisa Klein;Luisa;Klein;luisa.klein;OU=HH-Verwaltung,OU=Hamburg,OU=Firma,DC=herdt,DC=ps;Kornstraﬂe 42;20095;Hamburg;Kennw0rt!-065
Lukas Keller;Lukas;Keller;lukas.keller;OU=HH-Verwaltung,OU=Hamburg,OU=Firma,DC=herdt,DC=ps;Kornstraﬂe 42;20095;Hamburg;Kennw0rt!-066
Maja Kaiser;Maja;Kaiser;maja.kaiser;OU=HI-Verwaltung,OU=Hildesheim,OU=Firma,DC=herdt,DC=ps;An der Heerstraﬂe 71;31134;Hildesheim;Kennw0rt!-067
Marie Jung;Marie;Jung;marie.jung;OU=HB-Verwaltung,OU=Bremen,OU=Firma,DC=herdt,DC=ps;Buchenlandstraﬂe 19;28195;Bremen;Kennw0rt!-068
Marlene J‰ger;Marlene;J‰ger;marlene.j‰ger;OU=HH-Verwaltung,OU=Hamburg,OU=Firma,DC=herdt,DC=ps;Kornstraﬂe 42;20095;Hamburg;Kennw0rt!-069
Marlon Huber;Marlon;Huber;marlon.huber;OU=B-Verwaltung,OU=Berlin,OU=Firma,DC=herdt,DC=ps;Kalkrosenweg 23;10115;Berlin;Kennw0rt!-070
Mathilda Horn;Mathilda;Horn;mathilda.horn;OU=B-Verwaltung,OU=Berlin,OU=Firma,DC=herdt,DC=ps;Kalkrosenweg 23;10115;Berlin;Kennw0rt!-071
Mats Hofmann;Mats;Hofmann;mats.hofmann;OU=H-Verwaltung,OU=Hannover,OU=Firma,DC=herdt,DC=ps;Tiefe Straﬂe 15;30159;Hannover;Kennw0rt!-072
Max Hoffmann;Max;Hoffmann;max.hoffmann;OU=HB2-Verwaltung,OU=Bremen-2,OU=Firma,DC=herdt,DC=ps;Evangelienberg 4;28196;Bremen;Kennw0rt!-073
Maximilian Herrmann;Maximilian;Herrmann;maximilian.herrmann;OU=B-Verwaltung,OU=Berlin,OU=Firma,DC=herdt,DC=ps;Kalkrosenweg 23;10115;Berlin;Kennw0rt!-074
Melina Heinrich;Melina;Heinrich;melina.heinrich;OU=HH-Verwaltung,OU=Hamburg,OU=Firma,DC=herdt,DC=ps;Kornstraﬂe 42;20095;Hamburg;Kennw0rt!-075
Mia Hartmann;Mia;Hartmann;mia.hartmann;OU=HB2-Verwaltung,OU=Bremen-2,OU=Firma,DC=herdt,DC=ps;Evangelienberg 4;28196;Bremen;Kennw0rt!-076
Mika Hahn;Mika;Hahn;mika.hahn;OU=B-Verwaltung,OU=Berlin,OU=Firma,DC=herdt,DC=ps;Kalkrosenweg 23;10115;Berlin;Kennw0rt!-077
Mila Haas;Mila;Haas;mila.haas;OU=HI-Verwaltung,OU=Hildesheim,OU=Firma,DC=herdt,DC=ps;An der Heerstraﬂe 71;31134;Hildesheim;Kennw0rt!-078
Moritz G¸nther;Moritz;G¸nther;moritz.g¸nther;OU=HI-Verwaltung,OU=Hildesheim,OU=Firma,DC=herdt,DC=ps;An der Heerstraﬂe 71;31134;Hildesheim;Kennw0rt!-079
Nele Groﬂ;Nele;Groﬂ;nele.groﬂ;OU=HB2-Verwaltung,OU=Bremen-2,OU=Firma,DC=herdt,DC=ps;Evangelienberg 4;28196;Bremen;Kennw0rt!-080
Nick Graf;Nick;Graf;nick.graf;OU=B-Verwaltung,OU=Berlin,OU=Firma,DC=herdt,DC=ps;Kalkrosenweg 23;10115;Berlin;Kennw0rt!-081
Nico Fuchs;Nico;Fuchs;nico.fuchs;OU=HB-Verwaltung,OU=Bremen,OU=Firma,DC=herdt,DC=ps;Buchenlandstraﬂe 19;28195;Bremen;Kennw0rt!-082
Niklas Friedrich;Niklas;Friedrich;niklas.friedrich;OU=HB2-Verwaltung,OU=Bremen-2,OU=Firma,DC=herdt,DC=ps;Evangelienberg 4;28196;Bremen;Kennw0rt!-083
Nils Franke;Nils;Franke;nils.franke;OU=HB2-Verwaltung,OU=Bremen-2,OU=Firma,DC=herdt,DC=ps;Evangelienberg 4;28196;Bremen;Kennw0rt!-084
Noah Frank;Noah;Frank;noah.frank;OU=HI-Verwaltung,OU=Hildesheim,OU=Firma,DC=herdt,DC=ps;An der Heerstraﬂe 71;31134;Hildesheim;Kennw0rt!-085
Oskar Fischer;Oskar;Fischer;oskar.fischer;OU=HH-Verwaltung,OU=Hamburg,OU=Firma,DC=herdt,DC=ps;Kornstraﬂe 42;20095;Hamburg;Kennw0rt!-086
Paul Engel;Paul;Engel;paul.engel;OU=HB-Verwaltung,OU=Bremen,OU=Firma,DC=herdt,DC=ps;Buchenlandstraﬂe 19;28195;Bremen;Kennw0rt!-087
Paula Dietrich;Paula;Dietrich;paula.dietrich;OU=HH-Verwaltung,OU=Hamburg,OU=Firma,DC=herdt,DC=ps;Kornstraﬂe 42;20095;Hamburg;Kennw0rt!-088
Philipp Busch;Philipp;Busch;philipp.busch;OU=HI-Verwaltung,OU=Hildesheim,OU=Firma,DC=herdt,DC=ps;An der Heerstraﬂe 71;31134;Hildesheim;Kennw0rt!-089
Pia Braun;Pia;Braun;pia.braun;OU=HB-Verwaltung,OU=Bremen,OU=Firma,DC=herdt,DC=ps;Buchenlandstraﬂe 19;28195;Bremen;Kennw0rt!-090
Raphael Brandt;Raphael;Brandt;raphael.brandt;OU=HH-Verwaltung,OU=Hamburg,OU=Firma,DC=herdt,DC=ps;Kornstraﬂe 42;20095;Hamburg;Kennw0rt!-091
Samuel Bˆhm;Samuel;Bˆhm;samuel.bˆhm;OU=B-Verwaltung,OU=Berlin,OU=Firma,DC=herdt,DC=ps;Kalkrosenweg 23;10115;Berlin;Kennw0rt!-092
Sarah Bergmann;Sarah;Bergmann;sarah.bergmann;OU=B-Verwaltung,OU=Berlin,OU=Firma,DC=herdt,DC=ps;Kalkrosenweg 23;10115;Berlin;Kennw0rt!-093
Simon Berger;Simon;Berger;simon.berger;OU=H-Verwaltung,OU=Hannover,OU=Firma,DC=herdt,DC=ps;Tiefe Straﬂe 15;30159;Hannover;Kennw0rt!-094
Sofia Becker;Sofia;Becker;sofia.becker;OU=H-Verwaltung,OU=Hannover,OU=Firma,DC=herdt,DC=ps;Tiefe Straﬂe 15;30159;Hannover;Kennw0rt!-095
Sophie Beck;Sophie;Beck;sophie.beck;OU=HI-Verwaltung,OU=Hildesheim,OU=Firma,DC=herdt,DC=ps;An der Heerstraﬂe 71;31134;Hildesheim;Kennw0rt!-096
Tim Baumann;Tim;Baumann;tim.baumann;OU=HB-Verwaltung,OU=Bremen,OU=Firma,DC=herdt,DC=ps;Buchenlandstraﬂe 19;28195;Bremen;Kennw0rt!-097
Tom Bauer;Tom;Bauer;tom.bauer;OU=H-Verwaltung,OU=Hannover,OU=Firma,DC=herdt,DC=ps;Tiefe Straﬂe 15;30159;Hannover;Kennw0rt!-098
Vincent Arnold;Vincent;Arnold;vincent.arnold;OU=HI-Verwaltung,OU=Hildesheim,OU=Firma,DC=herdt,DC=ps;An der Heerstraﬂe 71;31134;Hildesheim;Kennw0rt!-099
Zoe Albrecht;Zoe;Albrecht;zoe.albrecht;OU=HB2-Verwaltung,OU=Bremen-2,OU=Firma,DC=herdt,DC=ps;Evangelienberg 4;28196;Bremen;Kennw0rt!-100
