First Name,Last Name,Description,Logon Username,Name,Container
SCCM_CP,Service,SCCM,SCCM_CP,SCCM_CP,"OU=SCCM,OU=System Center,OU=Demo Service Accounts,DC=herdt,DC=ps"
SCCM_NA,Service,SCCM,SCCM_NA,SCCM_NA,"OU=SCCM,OU=System Center,OU=Demo Service Accounts,DC=herdt,DC=ps"
SCCM_RA,Service,SCCM,SCCM_RA,SCCM_RA,"OU=SCCM,OU=System Center,OU=Demo Service Accounts,DC=herdt,DC=ps"
SCCM_DJ,Service,SCCM,SCCM_DJ,SCCM_DJ,"OU=SCCM,OU=System Center,OU=Demo Service Accounts,DC=herdt,DC=ps"
DPMAD,Service,SCDPM,DPMAD,DPMAD,"OU=SCDPM,OU=System Center,OU=Demo Service Accounts,DC=herdt,DC=ps"
SCO_ADAdmin,Service,SCO,SCO_ADAdmin,SCO_ADAdmin,"OU=SCO,OU=System Center,OU=Demo Service Accounts,DC=herdt,DC=ps"
SCO_MA,Service,SCO,SCO_MA,SCO_MA,"OU=SCO,OU=System Center,OU=Demo Service Accounts,DC=herdt,DC=ps"
SCO_RPT,Service,SCO,SCO_RPT,SCO_RPT,"OU=SCO,OU=System Center,OU=Demo Service Accounts,DC=herdt,DC=ps"
OMAA,Service,SCOM,OMAA,OMAA,"OU=SCOM,OU=System Center,OU=Demo Service Accounts,DC=herdt,DC=ps"
OMADMON,Service,SCOM,OMADMON,OMADMON,"OU=SCOM,OU=System Center,OU=Demo Service Accounts,DC=herdt,DC=ps"
OMDAS,Service,SCOM,OMDAS,OMDAS,"OU=SCOM,OU=System Center,OU=Demo Service Accounts,DC=herdt,DC=ps"
OMDWR,Service,SCOM,OMDWR,OMDWR,"OU=SCOM,OU=System Center,OU=Demo Service Accounts,DC=herdt,DC=ps"
OMDWW,Service,SCOM,OMDWW,OMDWW,"OU=SCOM,OU=System Center,OU=Demo Service Accounts,DC=herdt,DC=ps"
OMEXMON,Service,SCOM,OMEXMON,OMEXMON,"OU=SCOM,OU=System Center,OU=Demo Service Accounts,DC=herdt,DC=ps"
OMSQLMON,Service,SCOM,OMSQLMON,OMSQLMON,"OU=SCOM,OU=System Center,OU=Demo Service Accounts,DC=herdt,DC=ps"
SCSM_ADCon,Service,SCSM,SCSM_ADCon,SCSM_ADCon,"OU=SCSM,OU=System Center,OU=Demo Service Accounts,DC=herdt,DC=ps"
SCSM_CMCon,Service,SCSM,SCSM_CMCon,SCSM_CMCon,"OU=SCSM,OU=System Center,OU=Demo Service Accounts,DC=herdt,DC=ps"
SCSM_MA,Service,SCSM,SCSM_MA,SCSM_MA,"OU=SCSM,OU=System Center,OU=Demo Service Accounts,DC=herdt,DC=ps"
SCSM_OMCA,Service,SCSM,SCSM_OMCA,SCSM_OMCA,"OU=SCSM,OU=System Center,OU=Demo Service Accounts,DC=herdt,DC=ps"
SCSM_OMCI,Service,SCSM,SCSM_OMCI,SCSM_OMCI,"OU=SCSM,OU=System Center,OU=Demo Service Accounts,DC=herdt,DC=ps"
SCSM_RPT,Service,SCSM,SCSM_RPT,SCSM_RPT,"OU=SCSM,OU=System Center,OU=Demo Service Accounts,DC=herdt,DC=ps"
SCSM_SCOCon,Service,SCSM,SCSM_SCOCon,SCSM_SCOCon,"OU=SCSM,OU=System Center,OU=Demo Service Accounts,DC=herdt,DC=ps"
SCSM_WFA,Service,SCSM,SCSM_WFA,SCSM_WFA,"OU=SCSM,OU=System Center,OU=Demo Service Accounts,DC=herdt,DC=ps"
